Abbreviation (Data source);Name (ICD-10 chapter)
SAIL;other
CPRD;other
Cerner;Neoplasms
Cerner;Diseases of the circulatory system
Cerner;Diseases of the circulatory system
Cerner;other
Cerner;Mental and behavioural disorders
Cerner;Codes for special purposes (COVID-19)
Cerner;other
Cerner;other
Cerner;Endocrine, nutritional and metabolic diseases
Cerner;Endocrine, nutritional and metabolic diseases
Cerner;Diseases of the circulatory system
Cerner;other
Cerner;other
IQVIA;Diseases of the circulatory system
Cerner;other
Cerner;other
IQVIA;other
Cerner;other
Cerner;other
Cerner;Mental and behavioural disorders
Cerner;other
Cerner;Endocrine, nutritional and metabolic diseases
Cerner;Diseases of the circulatory system
Cerner;Diseases of the circulatory system
Cerner;Codes for special purposes (COVID-19)
Optum;Codes for special purposes (COVID-19)
SAIL;Mental and behavioural disorders
SLaM NHS;Mental and behavioural disorders
Flatiron;Neoplasms
Flatiron;Neoplasms
Flatiron;Neoplasms
Flatiron;Neoplasms
Flatiron;Neoplasms
Flatiron;Neoplasms
IQVIA;other
Flatiron;Neoplasms
Flatiron;Neoplasms
Flatiron;Neoplasms
Flatiron;Neoplasms
Flatiron;Neoplasms
IQVIA;other
Flatiron;Neoplasms
Flatiron;Neoplasms
Flatiron;Neoplasms
Flatiron;Neoplasms
Flatiron;Neoplasms
Flatiron;Neoplasms
Flatiron;Mental and behavioural disorders
Flatiron;Neoplasms
Flatiron;Neoplasms
Flatiron;Neoplasms
Flatiron;Neoplasms
Flatiron;Neoplasms
Flatiron;Neoplasms
Flatiron;Neoplasms
IQVIA;other
Flatiron;Neoplasms
Flatiron;Neoplasms
Flatiron;Neoplasms
Flatiron;Neoplasms
Flatiron;Neoplasms
Flatiron;Neoplasms
Flatiron;Neoplasms
Flatiron;Neoplasms
Flatiron;Neoplasms
Flatiron;Neoplasms
CPRD;other
Flatiron;Neoplasms
Flatiron;Neoplasms
Flatiron;Neoplasms
IQVIA;other
Flatiron;Neoplasms
Flatiron;Neoplasms
Flatiron;Neoplasms
Flatiron;Neoplasms
Flatiron;Neoplasms
Flatiron;Neoplasms
Flatiron;Neoplasms
Flatiron;Neoplasms
Flatiron;Neoplasms
Flatiron;Neoplasms
Flatiron;Neoplasms
Flatiron;Neoplasms
Flatiron;Neoplasms
Flatiron;Neoplasms
Flatiron;Neoplasms
NPS;other
Flatiron;Neoplasms
Flatiron;Neoplasms
Flatiron;Neoplasms
SLaM NHS;Mental and behavioural disorders
Flatiron;Neoplasms
Flatiron;Neoplasms
Flatiron;Neoplasms
IQVIA;other
SAIL;Codes for special purposes (COVID-19)
Flatiron;Neoplasms
Flatiron;Neoplasms
Flatiron;Neoplasms
Flatiron;Neoplasms
Flatiron;Neoplasms
Flatiron;Neoplasms
Flatiron;Neoplasms
Flatiron;Neoplasms
Flatiron;Neoplasms
Flatiron;Neoplasms
Flatiron;Neoplasms
Flatiron;Neoplasms
Flatiron;Neoplasms
Flatiron;Neoplasms
Flatiron;Neoplasms
Flatiron;Neoplasms
Flatiron;Neoplasms
Flatiron;Neoplasms
Flatiron;Neoplasms
Flatiron;Neoplasms
Flatiron;Neoplasms
Flatiron;Neoplasms
Flatiron;Neoplasms
Flatiron;Neoplasms
Flatiron;Neoplasms
SAIL;Endocrine, nutritional and metabolic diseases
Flatiron;Neoplasms
IQVIA;Endocrine, nutritional and metabolic diseases
Flatiron;Neoplasms
Flatiron;Neoplasms
Flatiron;Neoplasms
Flatiron;Neoplasms
SAIL;Endocrine, nutritional and metabolic diseases
IQVIA;other
IQVIA;Neoplasms
IBM;Mental and behavioural disorders
IBM;Diseases of the circulatory system
IBM;Diseases of the circulatory system
IBM;other
IBM;Mental and behavioural disorders
IBM;other
IBM;Certain infectious and parasitic diseases
IBM;other
IBM;other
IBM;other
IBM;other
IBM;other
IBM;other
SAIL;Mental and behavioural disorders
IBM;other
IBM;Mental and behavioural disorders
IBM;Diseases of the circulatory system
CPRD;Certain infectious and parasitic diseases
CPRD;Endocrine, nutritional and metabolic diseases
IBM;other
IBM;other
IBM;Codes for special purposes (COVID-19)
SLaM NHS;Mental and behavioural disorders
SLaM NHS;Mental and behavioural disorders
SAIL;Certain infectious and parasitic diseases
SAIL;Codes for special purposes (COVID-19)
NPS;Mental and behavioural disorders
SLaM NHS;other
SLaM NHS;Mental and behavioural disorders
SAIL;other
NPS;other
NPS;other
Optum;Diseases of the circulatory system
Optum;Neoplasms
Optum;other
Optum;Codes for special purposes (COVID-19)
Optum;other
Optum;Codes for special purposes (COVID-19)
Optum;Codes for special purposes (COVID-19)
Optum;other
SAIL;Endocrine, nutritional and metabolic diseases
SAIL;other
SAIL;Codes for special purposes (COVID-19)
Optum;other
Optum;other
Optum;other
Optum;Mental and behavioural disorders
Optum;Certain infectious and parasitic diseases
Optum;other
Optum;other
Optum;Mental and behavioural disorders
Optum;other
Optum;Diseases of the circulatory system
Optum;Diseases of the circulatory system
Optum;Codes for special purposes (COVID-19)
Optum;other
Optum;Diseases of the circulatory system
Optum;other
Optum;other
Optum;Diseases of the circulatory system
Optum;Endocrine, nutritional and metabolic diseases
NPS;Certain infectious and parasitic diseases
SLaM NHS;Mental and behavioural disorders
Optum;Neoplasms
Optum;Endocrine, nutritional and metabolic diseases
Optum;Endocrine, nutritional and metabolic diseases
Optum;Neoplasms
Optum;Diseases of the circulatory system
Optum;Neoplasms
CPRD;Certain infectious and parasitic diseases
SAIL;Codes for special purposes (COVID-19)
Optum;Diseases of the circulatory system
Optum;Diseases of the circulatory system
Optum;Codes for special purposes (COVID-19)
InGef;other
Optum;other
Optum;Diseases of the circulatory system
Optum;Diseases of the circulatory system
Optum;Endocrine, nutritional and metabolic diseases
Optum;Endocrine, nutritional and metabolic diseases
Optum;Mental and behavioural disorders
CPRD;Mental and behavioural disorders
SLaM NHS;Mental and behavioural disorders
SAIL;Diseases of the circulatory system
SAIL;other
CPRD;other
CPRD;other
Optum;other
Optum;Diseases of the circulatory system
Optum;other
Optum;Mental and behavioural disorders
Optum;other
Optum;Endocrine, nutritional and metabolic diseases
Optum;Mental and behavioural disorders
Optum;Endocrine, nutritional and metabolic diseases
SLaM NHS;Mental and behavioural disorders
Optum;Codes for special purposes (COVID-19)
Optum;Certain infectious and parasitic diseases
CPRD;other
CPRD;other
CPRD;Certain infectious and parasitic diseases
Optum;Neoplasms
Optum;Diseases of the circulatory system
SLaM NHS;Mental and behavioural disorders
Optum;Diseases of the circulatory system
Optum;Endocrine, nutritional and metabolic diseases
Optum;Endocrine, nutritional and metabolic diseases
Optum;other
Optum;other
Optum;Endocrine, nutritional and metabolic diseases
SAIL;other
CPRD;other
Optum;Codes for special purposes (COVID-19)
CPRD;Certain infectious and parasitic diseases
SLaM NHS;Mental and behavioural disorders
SAIL;Certain infectious and parasitic diseases
CPRD;Certain infectious and parasitic diseases
Optum;Certain infectious and parasitic diseases
Optum;Certain infectious and parasitic diseases
Optum;Diseases of the circulatory system
Optum;Codes for special purposes (COVID-19)
Optum;Diseases of the circulatory system
Optum;Endocrine, nutritional and metabolic diseases
Optum;Diseases of the circulatory system
Optum;Diseases of the circulatory system
Optum;other
SLaM NHS;Mental and behavioural disorders
Optum;Diseases of the circulatory system
InGef;Neoplasms
CPRD;other
SAIL;other
Optum;Diseases of the circulatory system
Optum;Mental and behavioural disorders
Optum;other
Optum;Diseases of the circulatory system
Optum;other
Optum;Codes for special purposes (COVID-19)
SLaM NHS;Mental and behavioural disorders
InGef;Mental and behavioural disorders
Optum;Codes for special purposes (COVID-19)
CPRD;Codes for special purposes (COVID-19)
CPRD;Certain infectious and parasitic diseases
SAIL;other
Optum;other
Optum;Codes for special purposes (COVID-19)
Optum;Neoplasms
InGef;Neoplasms
Optum;Endocrine, nutritional and metabolic diseases
Optum;Certain infectious and parasitic diseases
InGef;other
SLaM NHS;Mental and behavioural disorders
Optum;other
SLaM NHS;Mental and behavioural disorders
SAIL;Diseases of the circulatory system
SLaM NHS;Mental and behavioural disorders
Optum;Neoplasms
Optum;Diseases of the circulatory system
Optum;Diseases of the circulatory system
Optum;other
Optum;other
SLaM NHS;Mental and behavioural disorders
SAIL;other
SAIL;other
Optum;Codes for special purposes (COVID-19)
Optum;other
Optum;Endocrine, nutritional and metabolic diseases
CPRD;other
Optum;Endocrine, nutritional and metabolic diseases
Optum;Diseases of the circulatory system
SAIL;Endocrine, nutritional and metabolic diseases
SAIL;Codes for special purposes (COVID-19)
CPRD;other
Optum;Neoplasms
Optum;Codes for special purposes (COVID-19)
CPRD;Diseases of the circulatory system
Optum;Diseases of the circulatory system
Optum;Certain infectious and parasitic diseases
Optum;Mental and behavioural disorders
SAIL;other
CPRD;other
Optum;other
Optum;Certain infectious and parasitic diseases
Optum;Codes for special purposes (COVID-19)
InGef;Neoplasms
SLaM NHS;Mental and behavioural disorders
Optum;other
Optum;Neoplasms
Flatiron;Neoplasms
CPRD;Certain infectious and parasitic diseases
SLaM NHS;Mental and behavioural disorders
Optum;Diseases of the circulatory system
IQVIA;other
SLaM NHS;Mental and behavioural disorders
SLaM NHS;Mental and behavioural disorders
CPRD;other
CPRD;Mental and behavioural disorders
SAIL;other
CPRD;Mental and behavioural disorders
SAIL;Mental and behavioural disorders
Optum;Certain infectious and parasitic diseases
IBM;Certain infectious and parasitic diseases
CPRD;other
SAIL;Mental and behavioural disorders
SAIL;Diseases of the circulatory system
SAIL;Codes for special purposes (COVID-19)
CPRD;Certain infectious and parasitic diseases
Optum;Diseases of the circulatory system
IBM;Diseases of the circulatory system
Optum;other
Optum;other
SAIL;Diseases of the circulatory system
InGef;Neoplasms
CPRD;Mental and behavioural disorders
SLaM NHS;Mental and behavioural disorders
CPRD;other
InGef;other
SAIL;other
CPRD;other
CPRD;Certain infectious and parasitic diseases
CPRD;Mental and behavioural disorders
CPRD;Diseases of the circulatory system
SAIL;other
SAIL;Endocrine, nutritional and metabolic diseases
CPRD;Endocrine, nutritional and metabolic diseases
CPRD;other
SAIL;Mental and behavioural disorders
SAIL;other
CPRD;other
TriNetX;other
TriNetX;Codes for special purposes (COVID-19)
TriNetX;Neoplasms
TriNetX;Endocrine, nutritional and metabolic diseases
TriNetX;Diseases of the circulatory system
TriNetX;Diseases of the circulatory system
TriNetX;Codes for special purposes (COVID-19)
TriNetX;other
TriNetX;Endocrine, nutritional and metabolic diseases
TriNetX;Diseases of the circulatory system
TriNetX;Codes for special purposes (COVID-19)
TriNetX;Neoplasms
TriNetX;Codes for special purposes (COVID-19)
TriNetX;Mental and behavioural disorders
TriNetX;Diseases of the circulatory system
NPS;other
NPS;Certain infectious and parasitic diseases
NPS;other
SLaM NHS;Mental and behavioural disorders
InGef;other
InGef;Diseases of the circulatory system
SLaM NHS;Mental and behavioural disorders
SAIL;Mental and behavioural disorders
VUMC;Mental and behavioural disorders
VUMC;other
VUMC;other
VUMC;other
VUMC;other
VUMC;other
VUMC;Neoplasms
SLaM NHS;Mental and behavioural disorders
VUMC;Mental and behavioural disorders
VUMC;Mental and behavioural disorders
InGef;Endocrine, nutritional and metabolic diseases
VUMC;Diseases of the circulatory system
VUMC;Endocrine, nutritional and metabolic diseases
VUMC;other
VUMC;other
VUMC;other
VUMC;Diseases of the circulatory system
VUMC;Diseases of the circulatory system
VUMC;Neoplasms
VUMC;Diseases of the circulatory system
VUMC;Neoplasms
VUMC;other
CPRD;other
SAIL;Diseases of the circulatory system
VUMC;Mental and behavioural disorders
VUMC;Neoplasms
VUMC;Diseases of the circulatory system
VUMC;Diseases of the circulatory system
VUMC;Diseases of the circulatory system
VUMC;other
VUMC;Endocrine, nutritional and metabolic diseases
VUMC;other
VUMC;Diseases of the circulatory system
VUMC;Neoplasms
SAIL;other
CPRD;other
VUMC;other
VUMC;other
VUMC;Diseases of the circulatory system
VUMC;other
VUMC;Endocrine, nutritional and metabolic diseases
VUMC;Mental and behavioural disorders
VUMC;other
VUMC;Neoplasms
VUMC;Diseases of the circulatory system
VUMC;Diseases of the circulatory system
VUMC;Diseases of the circulatory system
VUMC;other
VUMC;Certain infectious and parasitic diseases
VUMC;Certain infectious and parasitic diseases
