Country;Count (Data origin crossborder);Count (Data origin domestic);Name (Country);Count (Data origin);Distribution (Data origin crossborder);Distribution (Data origin domestic)
US;38;538;"United
States";576.0;18.81188118811881;54.398382204246715
GB;15;183;"United
Kingdom";198.0;7.425742574257426;18.503538928210315
DE;12;35;Germany;47.0;5.9405940594059405;3.538928210313448
ES;10;12;Spain;22.0;4.9504950495049505;1.2133468149646107
AU;9;53;Australia;62.0;4.455445544554456;5.358948432760364
FR;9;11;France;20.0;4.455445544554456;1.1122345803842264
CA;4;18;Canada;22.0;1.9801980198019802;1.820020222446916
JP;3;20;Japan;23.0;1.4851485148514851;2.0222446916076846
other;102;119;other;;50.495049504950494;12.032355915065722
