Name (Country);Citable documents_2018;Citable documents_2019;Citable documents_2020;Citable documents_2021;Citable documents_2022;Citable documents_total
Afghanistan;88;97;111;209;251;756
Albania;133;159;189;235;271;987
Algeria;627;528;647;933;928;3663
American Samoa;11;2;6;5;7;31
Andorra;7;12;14;20;19;72
Angola;54;49;57;69;83;312
Anguilla;6;8;12;8;10;44
Antigua and Barbuda;18;8;15;18;24;83
Argentina;3842;3796;4328;4716;4350;21032
Armenia;143;220;210;274;320;1167
Aruba;4;6;16;20;26;72
Australia;31358;32869;34814;39179;40359;178579
Austria;7187;7637;8739;9817;9687;43067
Azerbaijan;201;245;287;253;257;1243
Bahamas;14;21;19;27;28;109
Bahrain;216;322;340;471;441;1790
Bangladesh;1126;1633;2492;2903;3328;11482
Barbados;50;46;65;87;109;357
Belarus;379;536;568;719;651;2853
Belgium;11116;10979;12500;14145;13745;62485
Belize;8;14;16;35;28;101
Benin;186;179;220;260;241;1086
Bermuda;13;29;13;24;27;106
Bhutan;37;48;67;99;96;347
Bolivia;109;136;165;197;184;791
Bosnia and Herzegovina;449;489;512;706;610;2766
Botswana;217;202;225;293;288;1225
Brazil;22926;23054;26640;29362;27792;129774
British Indian Ocean Territory;;2;;2;;4
Brunei Darussalam;69;79;117;164;229;658
Bulgaria;1082;1172;1432;1467;1449;6602
Burkina Faso;297;317;300;440;446;1800
Burundi;36;26;50;44;41;197
Cambodia;213;225;225;233;266;1162
Cameroon;658;643;728;828;802;3659
Canada;35260;36701;38650;43480;43756;197847
Cape Verde;7;14;15;18;23;77
Cayman Islands;14;7;11;16;12;60
Central African Republic;32;31;38;31;41;173
Chad;25;22;27;45;37;156
Chile;3485;3626;4269;5054;4684;21118
China;113516;132454;162603;187116;228595;824284
Colombia;3320;3534;4264;5043;5014;21175
Comoros;5;11;6;8;7;37
Congo;281;251;234;250;245;1261
Cook Islands;2;2;1;2;3;10
Costa Rica;299;280;353;421;411;1764
Croatia;2017;2036;2249;2705;2704;11711
Cuba;755;795;968;1034;827;4379
Curaçao;;7;21;20;36;84
Cyprus;636;848;1009;1267;1319;5079
Czech Republic;5188;5294;5652;6264;5879;28277
Côte d’Ivoire;226;233;240;313;249;1261
Democratic Republic Congo;86;143;260;345;366;1200
Denmark;10129;10349;11432;12779;12700;57389
Djibouti;7;6;6;16;9;44
Dominica;23;17;9;13;16;78
Dominican Republic;85;119;160;209;202;775
Ecuador;786;960;1094;1275;1223;5338
Egypt;6436;7129;9132;11580;12986;47263
El Salvador;48;42;54;75;79;298
Equatorial Guinea;16;6;10;13;13;58
Eritrea;24;20;28;48;34;154
Estonia;544;629;615;765;705;3258
Ethiopia;1549;2009;2926;3604;4131;14219
Falkland Islands (Malvinas);4;5;1;5;1;16
Faroe Islands;38;42;24;35;54;193
Federated States of Micronesia;6;4;18;12;9;49
Fiji;72;90;89;121;123;495
Finland;4975;5409;5641;6459;6561;29045
France;32118;31635;34180;36798;35708;170439
French Guiana;46;50;66;70;56;288
French Polynesia;42;39;34;38;32;185
French Southern Territories;;;1;;;1
Gabon;82;98;95;147;167;589
Gambia;109;122;175;195;203;804
Georgia;565;772;698;705;799;3539
Germany;47530;48378;51578;58318;57079;262883
Ghana;1006;1179;1415;1785;2020;7405
Gibraltar;2;1;4;22;43;72
Greece;5726;6154;6824;8197;8143;35044
Greenland;41;48;32;41;50;212
Grenada;171;167;191;214;207;950
Guadeloupe;27;28;28;27;37;147
Guam;8;14;31;16;17;86
Guatemala;140;153;215;261;243;1012
Guinea;62;90;93;114;105;464
Guinea-Bissau;33;45;47;49;42;216
Guyana;26;18;26;31;29;130
Haïti;79;88;92;93;102;454
Honduras;73;82;98;117;123;493
Hong Kong;4597;4936;5485;6635;7380;29033
Hungary;2864;3068;3285;3837;3939;16993
Iceland;488;552;547;629;662;2878
India;32111;32652;37058;45732;52241;199794
Indonesia;3160;4883;5389;6896;7269;27597
Iran;16100;17685;20308;22820;23784;100697
Iraq;1240;2818;3129;2327;2859;12373
Ireland;4871;5068;5794;7142;7026;29901
Israel;6403;6653;7399;8760;8911;38126
Italy;35731;37575;46060;51109;49655;220130
Jamaica;178;158;219;274;210;1039
Japan;40546;40445;43245;49434;48007;221677
Jordan;1003;1173;1582;2195;2397;8350
Kazakhstan;408;569;597;767;936;3277
Kenya;1419;1454;1756;1988;2041;8658
Kiribati;;8;8;3;6;25
Kuwait;456;529;619;812;804;3220
Kyrgyzstan;85;110;160;182;176;713
Laos;113;144;147;146;128;678
Latvia;287;365;429;564;519;2164
Lebanon;1310;1418;1838;1920;1963;8449
Lesotho;21;26;42;43;69;201
Liberia;55;76;56;101;221;509
Libya;112;98;127;194;188;719
Liechtenstein;17;29;30;41;43;160
Lithuania;795;853;1043;1311;1291;5293
Luxembourg;444;490;554;678;673;2839
Macao;508;476;518;688;989;3179
Macedonia;282;263;282;319;328;1474
Madagascar;115;124;128;179;151;697
Malawi;493;507;609;719;698;3026
Malaysia;4903;5277;6057;7681;8268;32186
Maldives;14;9;24;29;37;113
Mali;151;157;171;220;221;920
Malta;287;285;343;395;450;1760
Marshall Islands;6;2;1;4;7;20
Martinique;28;36;39;34;41;178
Mauritania;25;32;27;34;25;143
Mauritius;53;55;71;107;106;392
Mayotte;2;3;4;3;4;16
Mexico;6091;6647;8028;9013;8295;38074
Moldova;87;131;134;161;146;659
Monaco;78;90;97;124;111;500
Mongolia;102;147;153;176;191;769
Montenegro;124;149;124;158;124;679
Montserrat;2;0;;;2;4
Morocco;1047;1050;1557;1967;2128;7749
Mozambique;229;248;296;388;341;1502
Myanmar;171;202;298;287;211;1169
Namibia;77;98;130;159;190;654
Nauru;;1;3;;2;6
Nepal;858;997;1512;1765;1822;6954
Netherlands;22763;23024;25055;27764;27220;125826
Netherlands Antilles;2;4;;;;6
New Caledonia;42;50;44;38;52;226
New Zealand;4569;4824;5330;5583;5784;26090
Nicaragua;66;67;72;76;84;365
Niger;70;88;91;94;94;437
Nigeria;2763;2865;3957;4435;4468;18488
Niue;;1;0;;;1
Norfolk Island;;;0;;;0
North Korea;11;17;28;30;35;121
Northern Mariana Islands;3;2;6;8;6;25
Norway;6746;6947;7370;8503;8763;38329
Oman;409;489;595;848;986;3327
Pakistan;5047;5513;7094;8980;10142;36776
Palau;3;2;3;6;9;23
Palestine;210;215;348;471;515;1759
Panama;145;190;208;276;304;1123
Papua New Guinea;70;87;84;102;104;447
Paraguay;95;150;199;193;213;850
Peru;998;1175;1593;2120;2332;8218
Philippines;801;948;1227;1583;1800;6359
Poland;11288;11984;13385;16340;15942;68939
Portugal;6337;6829;7807;9240;9669;39882
Puerto Rico;318;282;347;414;523;1884
Qatar;1028;1238;1610;2103;2052;8031
Republic of South Sudan;13;6;21;40;62;142
Reunion;27;24;27;33;49;160
Romania;3213;3760;3747;4096;4610;19426
Russia;13711;16862;19525;21812;20902;92812
Rwanda;232;263;331;402;408;1636
Saint Helena;1;1;1;;;3
Saint Kitts and Nevis;53;64;76;79;80;352
Saint Lucia;11;8;8;10;8;45
Saint Martin (Dutch);;;;5;12;17
Saint Martin (French);;;;3;2;5
Saint Pierre and Miquelon;;;1;2;;3
Saint Vincent and the Grenadines;3;10;18;35;21;87
Samoa;12;15;31;41;33;132
San Marino;16;12;19;33;31;111
Sao Tome and Principe;;5;3;7;5;20
Saudi Arabia;5625;6267;8502;11237;13797;45428
Senegal;300;314;339;388;376;1717
Serbia;2003;2227;2161;2579;2593;11563
Seychelles;16;18;29;29;25;117
Sierra Leone;101;113;123;192;189;718
Singapore;4838;5300;6200;6891;7127;30356
Slovakia;1450;1546;1798;1896;1805;8495
Slovenia;1405;1467;1733;2106;2112;8823
Solomon Islands;30;18;32;29;15;124
Somalia;15;32;59;81;197;384
South Africa;6132;6602;7540;8400;8724;37398
South Georgia and the South Sandwich Islands;1;;1;1;;3
South Korea;24168;24818;26921;30311;29505;135723
Spain;26328;27865;31958;36734;35878;158763
Sri Lanka;670;768;831;957;1067;4293
Sudan;311;361;465;624;723;2484
Suriname;38;25;28;33;19;143
Svalbard and Jan Mayen;;1;;;;1
Swaziland;59;56;63;53;81;312
Sweden;13417;14007;15079;16657;16423;75583
Switzerland;15810;16517;18366;20873;20317;91883
Syrian Arab Republic;179;180;238;362;520;1479
Taiwan;9110;10150;10922;12844;14257;57283
Tajikistan;35;48;41;67;43;234
Tanzania;774;907;1058;1194;1216;5149
Thailand;5053;5190;6120;7227;7858;31448
Timor-Leste;19;18;27;15;19;98
Togo;102;105;77;110;115;509
Tonga;5;5;10;7;10;37
Trinidad and Tobago;135;152;154;174;166;781
Tunisia;1605;1622;1751;1998;2262;9238
Turkey;14579;16087;18787;22989;24487;96929
Turkmenistan;1;3;1;14;2;21
Turks and Caicos Islands;2;;1;;3;6
Tuvalu;1;1;;;2;4
Uganda;998;1114;1240;1643;1661;6656
Ukraine;1565;2315;2755;3402;3104;13141
United Arab Emirates;1317;1488;1977;2780;3367;10929
United Kingdom;58087;60189;65609;74608;72384;330877
United States;212663;215723;231390;252115;244371;1156262
United States Minor Outlying Islands;0;;;;;0
Uruguay;504;465;546;688;610;2813
Uzbekistan;63;88;295;516;324;1286
Vanuatu;7;14;10;19;22;72
Vatican City State;1;2;1;2;3;9
Venezuela;462;583;463;571;430;2509
Viet Nam;1312;1790;2218;2794;2638;10752
Virgin Islands (British);;1;1;2;1;5
Virgin Islands (U.S.);5;3;2;4;6;20
Wallis and Futuna;;1;2;0;;3
Western Sahara;;;;1;;1
Yemen;139;192;179;269;389;1168
Zambia;316;334;449;520;583;2202
Zimbabwe;309;363;423;521;517;2133
